82473,0
58314,1
79485,2
9292,3
84130,4
70097,5
47754,6
37801,7
31405,8
29691,9
57001,10
9841,11
77501,12
71126,13
66622,14
42157,15
51529,16
54841,17
47599,18
2091,19
67844,20
85970,21
41458,22
19231,23
70056,24
41224,25
3088,26
30936,27
13887,28
18690,29
44859,30
67031,31
41716,32
64849,33
85702,34
53020,35
3550,36
33258,37
67030,38
37707,39
7851,40
32716,41
1812,42
5035,43
53377,44
70949,45
44919,46
81446,47
11163,48
1522,49
44906,50
11567,51
80445,52
19036,53
17401,54
71540,55
68919,56
1704,57
24768,58
8482,59
71429,60
3780,61
80555,62
50790,63
72851,64
38995,65
12246,66
53307,67
36825,68
76635,69
84436,70
72359,71
31018,72
4012,73
37040,74
66858,75
75495,76
14522,77
12677,78
62004,79
43096,80
44154,81
45678,82
19655,83
61973,84
62434,85
57078,86
77581,87
1089,88
1088,89
25375,90
10261,91
33757,92
72533,93
5920,94
3977,95
10339,96
53190,97
31203,98
76774,99
15850,100
58028,101
1546,102
61812,103
26388,104
738,105
79576,106
87583,107
8128,108
66140,109
34575,110
32997,111
74192,112
21612,113
48619,114
43728,115
9580,116
27900,117
11368,118
88010,119
6136,120
68725,121
80500,122
25480,123
24212,124
77383,125
32528,126
45426,127
80901,128
781,129
13619,130
49216,131
43500,132
23711,133
66016,134
81663,135
33344,136
78270,137
52674,138
78883,139
63039,140
19328,141
8966,142
77393,143
28463,144
13560,145
13436,146
56394,147
60930,148
47233,149
48443,150
24821,151
20599,152
58480,153
48160,154
53195,155
54955,156
79184,157
24290,158
55742,159
66718,160
49874,161
73856,162
8858,163
3336,164
70333,165
58039,166
18994,167
14297,168
56133,169
61833,170
32943,171
58353,172
50466,173
41441,174
23308,175
2930,176
84674,177
19258,178
19924,179
66642,180
28679,181
7039,182
67506,183
6820,184
21765,185
71394,186
27283,187
55002,188
18513,189
81222,190
47273,191
56377,192
27817,193
81212,194
74955,195
66395,196
53338,197
66443,198
40499,199
57688,200
46919,201
22835,202
72751,203
61754,204
81417,205
1462,206
59019,207
62256,208
87595,209
67768,210
55580,211
40995,212
62038,213
18514,214
41736,215
32722,216
84125,217
86134,218
66814,219
67992,220
77184,221
57596,222
49447,223
40985,224
7965,225
68196,226
3664,227
73395,228
31014,229
57144,230
66353,231
40912,232
18876,233
78173,234
80015,235
28596,236
45042,237
14390,238
66308,239
83676,240
16018,241
77105,242
71598,243
61643,244
42718,245
53810,246
68534,247
87787,248
7536,249
49330,250
23784,251
19482,252
9488,253
43396,254
56138,255
79578,256
72407,257
2392,258
10755,259
18654,260
46489,261
72494,262
49759,263
62389,264
84198,265
1027,266
51521,267
37439,268
4395,269
37776,270
14256,271
69090,272
84422,273
17982,274
6983,275
69704,276
78274,277
46762,278
28857,279
14080,280
77557,281
59272,282
66411,283
84095,284
33237,285
52535,286
86837,287
66532,288
26255,289
53000,290
23370,291
46766,292
42783,293
36144,294
39630,295
42872,296
77508,297
51248,298
38688,299
8789,300
43164,301
43142,302
53075,303
49710,304
55160,305
6008,306
24028,307
28319,308
73160,309
85191,310
86842,311
70896,312
33750,313
18950,314
45445,315
43060,316
75954,317
36215,318
56132,319
25063,320
56536,321
86197,322
6205,323
59400,324
34186,325
47714,326
60318,327
33964,328
6223,329
67513,330
44120,331
70026,332
52712,333
79212,334
27950,335
67128,336
34685,337
88022,338
8596,339
66415,340
78899,341
84971,342
42865,343
14030,344
14283,345
33032,346
7199,347
63666,348
51721,349
32477,350
32882,351
69442,352
50696,353
13206,354
47666,355
48282,356
67232,357
1912,358
69744,359
41685,360
2494,361
36789,362
14818,363
44979,364
10399,365
6991,366
172,367
54046,368
48524,369
66844,370
85922,371
68094,372
29371,373
78690,374
50651,375
58843,376
81171,377
21678,378
60197,379
71786,380
77262,381
50951,382
79147,383
49767,384
57020,385
8662,386
44620,387
46532,388
4498,389
23968,390
57000,391
24456,392
49779,393
51739,394
63259,395
61885,396
83982,397
49408,398
9043,399
55980,400
42058,401
1883,402
33017,403
58710,404
34481,405
6176,406
76803,407
71792,408
71775,409
85273,410
87572,411
31959,412
80751,413
62734,414
29548,415
7643,416
83913,417
41201,418
6739,419
43194,420
43000,421
43461,422
5067,423
21662,424
3390,425
79665,426
69603,427
81893,428
53697,429
79671,430
1636,431
80822,432
11086,433
80909,434
69642,435
68512,436
55237,437
83738,438
58330,439
21298,440
6302,441
48083,442
79580,443
40922,444
43616,445
26806,446
36076,447
11640,448
45682,449
66156,450
7351,451
9788,452
77159,453
18077,454
44012,455
18008,456
45053,457
45717,458
21422,459
62182,460
84579,461
80898,462
24194,463
85049,464
13237,465
7981,466
49728,467
88107,468
47351,469
61323,470
42280,471
23153,472
934,473
24116,474
55000,475
2199,476
57769,477
43603,478
73301,479
86408,480
23325,481
58494,482
56278,483
74115,484
80466,485
77293,486
11917,487
59021,488
44182,489
86793,490
54824,491
50758,492
31461,493
10728,494
86485,495
56575,496
7737,497
58040,498
37386,499
24836,500
31536,501
931,502
19380,503
76130,504
5754,505
48043,506
70250,507
18750,508
86037,509
66205,510
33978,511
24205,512
78337,513
7655,514
19617,515
29551,516
81648,517
32713,518
87071,519
68779,520
87394,521
84107,522
26966,523
3146,524
72865,525
24233,526
44886,527
53618,528
46051,529
1678,530
42969,531
34402,532
55768,533
36484,534
37172,535
37929,536
80699,537
13662,538
53475,539
24155,540
33028,541
51457,542
7215,543
29793,544
73377,545
49399,546
41269,547
35538,548
83856,549
21336,550
43772,551
24353,552
22854,553
72989,554
12098,555
32871,556
83346,557
31961,558
30612,559
76539,560
11071,561
70370,562
34487,563
23673,564
19081,565
66066,566
58999,567
18172,568
26866,569
23131,570
61902,571
66791,572
74386,573
42375,574
37850,575
73885,576
41493,577
75975,578
16901,579
4026,580
58534,581
39301,582
31350,583
17371,584
87437,585
84969,586
13221,587
13484,588
8778,589
5961,590
53055,591
43754,592
32685,593
5439,594
69095,595
25958,596
85408,597
40907,598
17316,599
5592,600
51047,601
5200,602
29987,603
43511,604
72736,605
36353,606
33140,607
33920,608
66565,609
85201,610
34597,611
4623,612
19152,613
58189,614
53935,615
14319,616
48677,617
18619,618
55200,619
65927,620
8679,621
79311,622
13784,623
40941,624
42536,625
51561,626
64271,627
73000,628
76645,629
71159,630
33854,631
61670,632
34355,633
9455,634
62405,635
42511,636
57986,637
13639,638
45502,639
34903,640
30477,641
76885,642
19357,643
9142,644
35504,645
44748,646
17009,647
58056,648
48119,649
5146,650
42214,651
71761,652
28401,653
61985,654
77068,655
87551,656
70937,657
71656,658
28783,659
29244,660
26152,661
8371,662
67579,663
6999,664
77379,665
79384,666
19592,667
72263,668
59243,669
30670,670
41927,671
20215,672
48392,673
51691,674
61231,675
45530,676
25393,677
18433,678
73133,679
1486,680
7059,681
87048,682
50900,683
61519,684
63633,685
78716,686
4685,687
76868,688
87872,689
81036,690
14267,691
49970,692
47471,693
22967,694
43140,695
64381,696
48117,697
42147,698
17592,699
78846,700
84741,701
69721,702
3868,703
18435,704
71897,705
28220,706
44354,707
42061,708
5197,709
86593,710
6627,711
17006,712
38685,713
6332,714
17600,715
77656,716
61642,717
43467,718
7995,719
85264,720
66640,721
36856,722
56333,723
45239,724
18201,725
42176,726
67320,727
79303,728
79633,729
9598,730
5379,731
83713,732
42137,733
81044,734
87478,735
86044,736
73492,737
24017,738
18853,739
23324,740
14149,741
26410,742
51351,743
16875,744
71208,745
79717,746
12491,747
44204,748
26302,749
50749,750
51633,751
13154,752
48567,753
18688,754
9925,755
75871,756
44253,757
85238,758
73170,759
35739,760
18210,761
66386,762
73488,763
32181,764
41569,765
73670,766
62606,767
67388,768
26459,769
14239,770
66232,771
37728,772
7382,773
48373,774
44194,775
77547,776
21423,777
80645,778
8247,779
69755,780
20088,781
73114,782
3939,783
78644,784
10671,785
42913,786
71398,787
85940,788
34508,789
42722,790
19177,791
14244,792
37462,793
72258,794
50276,795
60030,796
45919,797
33230,798
47296,799
52730,800
70948,801
67930,802
41144,803
45723,804
21643,805
21698,806
87382,807
26382,808
61340,809
5783,810
55176,811
62155,812
84739,813
62269,814
50048,815
66488,816
37781,817
41069,818
31518,819
30893,820
51723,821
968,822
7911,823
61709,824
53937,825
42329,826
43102,827
1301,828
41970,829
24048,830
72832,831
38042,832
67929,833
46340,834
12175,835
31739,836
36616,837
41591,838
85290,839
73126,840
18697,841
29212,842
57529,843
54999,844
3521,845
11817,846
16852,847
239,848
77407,849
87839,850
88125,851
37588,852
52473,853
71973,854
54747,855
73460,856
46688,857
45517,858
4824,859
19288,860
17094,861
67711,862
59236,863
50694,864
11263,865
5132,866
72196,867
51820,868
33864,869
87669,870
81475,871
44068,872
50621,873
48521,874
42631,875
67421,876
45407,877
78625,878
13130,879
71771,880
66450,881
79173,882
43798,883
5619,884
32414,885
77291,886
81343,887
61975,888
66843,889
24595,890
85277,891
72889,892
43091,893
19917,894
56791,895
40779,896
46345,897
85871,898
54981,899
31734,900
30516,901
60170,902
12647,903
18191,904
84671,905
77851,906
50599,907
57070,908
11076,909
86016,910
45485,911
87989,912
31934,913
26660,914
21753,915
2380,916
67187,917
72110,918
28819,919
14413,920
36767,921
47921,922
73536,923
12536,924
67350,925
55022,926
45655,927
58817,928
54816,929
5947,930
49252,931
52249,932
46367,933
35864,934
67816,935
65985,936
48697,937
41708,938
85967,939
72946,940
88069,941
29716,942
71153,943
15122,944
87826,945
42578,946
42192,947
33576,948
14364,949
69056,950
42733,951
23786,952
6501,953
47002,954
41624,955
86329,956
70697,957
36762,958
29502,959
44489,960
71154,961
12131,962
41639,963
76440,964
41171,965
72429,966
67780,967
84498,968
58716,969
11156,970
52959,971
33231,972
86990,973
66148,974
14132,975
60576,976
17794,977
23721,978
70765,979
33124,980
84551,981
74087,982
31667,983
37125,984
19591,985
66036,986
53449,987
72990,988
77659,989
75385,990
44112,991
36478,992
1533,993
85228,994
44754,995
51455,996
76901,997
22896,998
31496,999
71688,1000
5603,1001
75963,1002
36450,1003
23783,1004
34600,1005
65616,1006
55555,1007
55588,1008
46261,1009
19209,1010
51527,1011
76912,1012
87306,1013
26386,1014
5144,1015
70951,1016
77110,1017
85281,1018
56024,1019
41999,1020
34877,1021
25780,1022
9828,1023
67217,1024
48293,1025
20342,1026
23408,1027
48703,1028
51263,1029
60022,1030
86836,1031
1530,1032
61786,1033
44912,1034
58260,1035
43001,1036
18096,1037
53106,1038
42016,1039
67846,1040
46700,1041
48436,1042
49764,1043
81164,1044
74162,1045
31529,1046
69688,1047
31139,1048
49797,1049
70128,1050
46807,1051
41843,1052
23483,1053
27268,1054
72870,1055
84236,1056
32043,1057
46897,1058
64042,1059
62031,1060
17978,1061
49173,1062
86568,1063
33754,1064
87745,1065
74738,1066
32737,1067
67917,1068
44596,1069
37775,1070
44937,1071
45350,1072
49822,1073
7265,1074
58312,1075
43450,1076
9145,1077
53103,1078
74514,1079
5685,1080
47978,1081
24256,1082
17823,1083
1488,1084
32818,1085
78497,1086
42950,1087
51300,1088
41938,1089
31644,1090
34419,1091
87005,1092
35298,1093
61270,1094
28654,1095
19665,1096
35095,1097
47579,1098
734,1099
44359,1100
6929,1101
13963,1102
23459,1103
1837,1104
85936,1105
28941,1106
10254,1107
60070,1108
6102,1109
57293,1110
32655,1111
62277,1112
67033,1113
61557,1114
85497,1115
88038,1116
86218,1117
71918,1118
84298,1119
14553,1120
56271,1121
50238,1122
2206,1123
42649,1124
81393,1125
46567,1126
10005,1127
87630,1128
17004,1129
66200,1130
80072,1131
44989,1132
61905,1133
51526,1134
34664,1135
48572,1136
33940,1137
72423,1138
74632,1139
31488,1140
38239,1141
54984,1142
23998,1143
84868,1144
21355,1145
53271,1146
57940,1147
42991,1148
50680,1149
87455,1150
4506,1151
3006,1152
57836,1153
56961,1154
33442,1155
32686,1156
73861,1157
60546,1158
12569,1159
83966,1160
42201,1161
45037,1162
4788,1163
33154,1164
43418,1165
14651,1166
30568,1167
19566,1168
78751,1169
73324,1170
7971,1171
68903,1172
42239,1173
55252,1174
45222,1175
41570,1176
6326,1177
72888,1178
19110,1179
77345,1180
57898,1181
9104,1182
84680,1183
37210,1184
2058,1185
24591,1186
6744,1187
69624,1188
33730,1189
70376,1190
56034,1191
5255,1192
33069,1193
86188,1194
41393,1195
1809,1196
67853,1197
50796,1198
27869,1199
65922,1200
48676,1201
77831,1202
67078,1203
49181,1204
32124,1205
61887,1206
53875,1207
754,1208
23563,1209
82741,1210
78182,1211
28308,1212
80565,1213
35242,1214
30387,1215
86310,1216
87459,1217
32784,1218
51591,1219
70472,1220
54908,1221
45303,1222
13786,1223
12185,1224
42144,1225
1738,1226
27962,1227
42251,1228
9937,1229
48516,1230
84533,1231
76813,1232
45794,1233
69964,1234
23322,1235
28400,1236
47391,1237
5595,1238
73469,1239
26583,1240
53560,1241
37933,1242
23246,1243
35067,1244
18510,1245
58210,1246
87372,1247
72173,1248
37731,1249
15600,1250
33769,1251
29769,1252
61991,1253
5598,1254
28640,1255
70193,1256
12179,1257
81054,1258
61306,1259
22848,1260
34584,1261
4017,1262
57553,1263
79324,1264
78298,1265
14375,1266
49179,1267
1965,1268
23962,1269
1615,1270
34585,1271
36993,1272
66849,1273
53795,1274
75296,1275
79530,1276
55489,1277
79628,1278
78564,1279
72172,1280
71142,1281
9754,1282
55099,1283
18800,1284
41812,1285
18184,1286
9159,1287
18025,1288
21728,1289
34204,1290
8699,1291
45236,1292
8120,1293
24263,1294
36666,1295
50280,1296
62074,1297
16928,1298
34347,1299
35297,1300
58470,1301
23561,1302
81286,1303
56418,1304
57912,1305
20192,1306
69202,1307
7250,1308
55179,1309
29318,1310
44117,1311
69878,1312
42858,1313
70019,1314
23989,1315
77442,1316
50736,1317
50830,1318
69865,1319
44475,1320
65678,1321
58911,1322
73461,1323
66311,1324
45594,1325
61683,1326
18359,1327
42931,1328
7449,1329
45824,1330
18376,1331
44378,1332
56595,1333
61165,1334
13892,1335
3015,1336
60199,1337
6321,1338
85851,1339
43555,1340
6904,1341
71885,1342
33176,1343
21710,1344
33148,1345
34085,1346
78872,1347
2531,1348
86140,1349
28909,1350
74443,1351
75161,1352
70222,1353
45751,1354
13327,1355
24829,1356
73157,1357
42701,1358
5460,1359
10352,1360
24147,1361
44528,1362
58095,1363
80709,1364
1824,1365
2943,1366
49463,1367
72141,1368
72528,1369
24461,1370
23064,1371
58405,1372
48124,1373
75994,1374
47597,1375
4121,1376
85170,1377
79196,1378
76063,1379
77590,1380
33990,1381
73388,1382
41858,1383
31453,1384
9251,1385
44252,1386
31668,1387
6973,1388
41946,1389
79912,1390
67203,1391
69418,1392
37159,1393
2761,1394
25709,1395
18971,1396
48490,1397
34309,1398
13254,1399
21587,1400
28899,1401
86501,1402
31821,1403
68687,1404
19232,1405
71849,1406
28279,1407
41542,1408
57984,1409
79561,1410
80982,1411
10718,1412
85841,1413
51240,1414
28681,1415
67144,1416
58420,1417
32401,1418
70360,1419
46126,1420
76794,1421
85354,1422
18952,1423
34642,1424
23805,1425
2115,1426
30704,1427
47863,1428
2214,1429
87768,1430
72237,1431
10351,1432
71045,1433
71140,1434
11562,1435
64147,1436
43831,1437
66905,1438
8703,1439
41548,1440
34663,1441
23484,1442
77213,1443
41198,1444
83423,1445
29482,1446
72085,1447
71178,1448
54653,1449
44776,1450
61598,1451
43434,1452
24237,1453
25118,1454
23739,1455
19503,1456
45562,1457
9079,1458
78206,1459
50523,1460
20772,1461
32126,1462
42838,1463
36776,1464
30952,1465
42815,1466
32768,1467
7848,1468
70620,1469
24592,1470
29861,1471
25087,1472
13391,1473
34282,1474
72154,1475
44637,1476
13344,1477
33834,1478
15603,1479
73737,1480
62515,1481
84708,1482
52474,1483
55036,1484
32850,1485
58921,1486
14676,1487
68194,1488
41315,1489
7098,1490
9330,1491
74114,1492
8021,1493
72663,1494
58770,1495
23751,1496
33131,1497
28962,1498
51698,1499
78800,1500
66639,1501
75388,1502
68421,1503
53558,1504
42014,1505
8797,1506
29955,1507
2348,1508
66951,1509
86013,1510
30621,1511
41693,1512
13444,1513
37578,1514
31068,1515
58296,1516
79060,1517
70335,1518
53507,1519
8916,1520
45300,1521
14226,1522
23959,1523
26437,1524
18903,1525
61119,1526
56060,1527
46311,1528
80437,1529
46344,1530
85405,1531
33688,1532
68648,1533
78403,1534
68304,1535
66763,1536
1933,1537
80489,1538
80005,1539
23158,1540
37852,1541
85490,1542
67318,1543
69505,1544
4831,1545
45288,1546
13953,1547
27732,1548
2198,1549
43476,1550
28508,1551
77284,1552
7260,1553
56185,1554
8344,1555
52592,1556
17984,1557
5618,1558
67870,1559
6841,1560
77133,1561
5092,1562
28535,1563
18179,1564
34148,1565
30528,1566
2311,1567
74213,1568
40925,1569
78414,1570
66619,1571
36010,1572
24932,1573
23394,1574
24065,1575
2503,1576
87366,1577
79149,1578
34174,1579
5931,1580
17125,1581
4208,1582
36418,1583
42439,1584
12830,1585
66441,1586
9736,1587
36672,1588
79614,1589
84478,1590
17731,1591
24336,1592
8412,1593
9870,1594
74337,1595
71111,1596
32463,1597
72744,1598
47448,1599
1471,1600
85078,1601
84848,1602
25177,1603
76875,1604
61216,1605
996,1606
45991,1607
83543,1608
66942,1609
35126,1610
2261,1611
76605,1612
85160,1613
71654,1614
2922,1615
32562,1616
66193,1617
4353,1618
81406,1619
44031,1620
52367,1621
42857,1622
27965,1623
10897,1624
51565,1625
4231,1626
69145,1627
36224,1628
61846,1629
79364,1630
44494,1631
77406,1632
16047,1633
46981,1634
31955,1635
80823,1636
29092,1637
31490,1638
6054,1639
23564,1640
41461,1641
21641,1642
21441,1643
71203,1644
7384,1645
11209,1646
79486,1647
33128,1648
73368,1649
42717,1650
19404,1651
41289,1652
70289,1653
68787,1654
70612,1655
70409,1656
74479,1657
77446,1658
79518,1659
44677,1660
27919,1661
53886,1662
71467,1663
61143,1664
23060,1665
57693,1666
35234,1667
29666,1668
79492,1669
5241,1670
48696,1671
41795,1672
69203,1673
12968,1674
45379,1675
75425,1676
76019,1677
60988,1678
17891,1679
45260,1680
28078,1681
4305,1682
62178,1683
2755,1684
4811,1685
28576,1686
86450,1687
79548,1688
8141,1689
50465,1690
24473,1691
69808,1692
86235,1693
31813,1694
72038,1695
88111,1696
59388,1697
33375,1698
3253,1699
76835,1700
30346,1701
47306,1702
47558,1703
67782,1704
47852,1705
76707,1706
23982,1707
61068,1708
41957,1709
31077,1710
57377,1711
4232,1712
205,1713
74439,1714
70269,1715
72224,1716
79010,1717
7435,1718
30237,1719
9480,1720
29061,1721
47265,1722
5946,1723
49506,1724
48132,1725
48542,1726
26090,1727
32138,1728
19073,1729
27882,1730
37722,1731
71509,1732
31057,1733
87978,1734
79483,1735
24689,1736
18600,1737
85450,1738
34433,1739
71995,1740
62317,1741
2960,1742
68742,1743
50432,1744
6420,1745
58929,1746
46920,1747
6333,1748
41432,1749
66077,1750
36178,1751
5985,1752
68795,1753
61446,1754
19222,1755
72649,1756
33235,1757
75190,1758
61899,1759
67349,1760
87749,1761
313,1762
47945,1763
76902,1764
66887,1765
20852,1766
30974,1767
83582,1768
11555,1769
46745,1770
2362,1771
41348,1772
44087,1773
1819,1774
31923,1775
29576,1776
48748,1777
17639,1778
61660,1779
58917,1780
44804,1781
87574,1782
82743,1783
79592,1784
86155,1785
33796,1786
87727,1787
34657,1788
18889,1789
84988,1790
50732,1791
77461,1792
67114,1793
9078,1794
10280,1795
9989,1796
36805,1797
49379,1798
37931,1799
4269,1800
13339,1801
16884,1802
86449,1803
24512,1804
56046,1805
62549,1806
20359,1807
45633,1808
32619,1809
77031,1810
56281,1811
12203,1812
67008,1813
31666,1814
14069,1815
61816,1816
69138,1817
24894,1818
74477,1819
59301,1820
37204,1821
44436,1822
79768,1823
28671,1824
72939,1825
10388,1826
75996,1827
24361,1828
66840,1829
2502,1830
76138,1831
43773,1832
68447,1833
83469,1834
14081,1835
15849,1836
4255,1837
56435,1838
50818,1839
77060,1840
25094,1841
36483,1842
51465,1843
86017,1844
72541,1845
79824,1846
81040,1847
86839,1848
79067,1849
6135,1850
23488,1851
26466,1852
34414,1853
49265,1854
70030,1855
42904,1856
42601,1857
71732,1858
12023,1859
13030,1860
80617,1861
74071,1862
23154,1863
60959,1864
64347,1865
86665,1866
80564,1867
75332,1868
29936,1869
87596,1870
51819,1871
41809,1872
42316,1873
55518,1874
41246,1875
10756,1876
42632,1877
24381,1878
6847,1879
45282,1880
31735,1881
57472,1882
66579,1883
54268,1884
8842,1885
23172,1886
44381,1887
62812,1888
18934,1889
34863,1890
77782,1891
79098,1892
61925,1893
60855,1894
41645,1895
75108,1896
76667,1897
26611,1898
56358,1899
10450,1900
67229,1901
60688,1902
42213,1903
21305,1904
51043,1905
43502,1906
33278,1907
84619,1908
85910,1909
63542,1910
67366,1911
5123,1912
17788,1913
9158,1914
2505,1915
3870,1916
53325,1917
5205,1918
5095,1919
19174,1920
13665,1921
19012,1922
62229,1923
9271,1924
53217,1925
77517,1926
57177,1927
6334,1928
34560,1929
80814,1930
78222,1931
41853,1932
12599,1933
87677,1934
72764,1935
29854,1936
33468,1937
39949,1938
81652,1939
28235,1940
12506,1941
58308,1942
74935,1943
41680,1944
87704,1945
82859,1946
43092,1947
34025,1948
10380,1949
80978,1950
43883,1951
88012,1952
5174,1953
45409,1954
65580,1955
34160,1956
78652,1957
17041,1958
8864,1959
35176,1960
65875,1961
53410,1962
70821,1963
66762,1964
45295,1965
5257,1966
42799,1967
36757,1968
6125,1969
31701,1970
81420,1971
79906,1972
81099,1973
3291,1974
66149,1975
66281,1976
85390,1977
2150,1978
10795,1979
67065,1980
42868,1981
10899,1982
61794,1983
43891,1984
39633,1985
57419,1986
71677,1987
44952,1988
78723,1989
9176,1990
74496,1991
37168,1992
14764,1993
14138,1994
49709,1995
51192,1996
68461,1997
68987,1998
44041,1999
45903,2000
64150,2001
11657,2002
35608,2003
6741,2004
13854,2005
41761,2006
37480,2007
79658,2008
23847,2009
80664,2010
27883,2011
75386,2012
31848,2013
52545,2014
87720,2015
11323,2016
36663,2017
32145,2018
34173,2019
32651,2020
60404,2021
72650,2022
34514,2023
76666,2024
953,2025
58823,2026
45897,2027
80948,2028
4556,2029
87858,2030
56972,2031
15090,2032
69890,2033
44676,2034
85180,2035
74587,2036
35573,2037
9307,2038
18216,2039
65054,2040
2108,2041
28122,2042
6668,2043
86124,2044
28555,2045
8449,2046
17856,2047
44277,2048
58375,2049
73507,2050
53769,2051
75361,2052
81147,2053
67857,2054
81073,2055
87008,2056
78339,2057
32020,2058
60050,2059
87510,2060
67153,2061
67974,2062
39656,2063
53439,2064
24580,2065
58451,2066
37229,2067
42660,2068
25080,2069
87019,2070
30605,2071
24319,2072
53841,2073
88104,2074
41928,2075
81002,2076
7539,2077
61417,2078
3892,2079
54265,2080
76402,2081
33829,2082
50780,2083
72104,2084
71212,2085
84760,2086
22051,2087
36709,2088
55653,2089
5548,2090
49355,2091
24119,2092
5819,2093
5162,2094
21679,2095
41238,2096
70242,2097
9666,2098
2318,2099
32382,2100
44692,2101
36934,2102
45679,2103
67119,2104
35619,2105
42677,2106
36127,2107
30544,2108
37848,2109
6780,2110
12288,2111
31970,2112
3306,2113
14845,2114
29171,2115
24265,2116
13907,2117
52683,2118
1614,2119
14189,2120
20211,2121
41278,2122
57689,2123
24171,2124
17011,2125
41057,2126
46680,2127
85090,2128
11321,2129
76736,2130
62377,2131
45736,2132
42328,2133
43513,2134
11644,2135
69847,2136
18067,2137
6138,2138
52518,2139
53310,2140
19296,2141
35427,2142
46323,2143
67457,2144
69798,2145
77633,2146
68543,2147
14391,2148
58884,2149
56015,2150
50133,2151
29034,2152
43409,2153
32588,2154
84333,2155
86895,2156
84156,2157
42778,2158
48107,2159
42205,2160
67973,2161
66965,2162
33151,2163
49818,2164
28174,2165
40101,2166
29611,2167
67377,2168
29262,2169
45397,2170
60845,2171
50141,2172
207,2173
12521,2174
78038,2175
13881,2176
31973,2177
19192,2178
2059,2179
23643,2180
87122,2181
35682,2182
50960,2183
35620,2184
81200,2185
14334,2186
22990,2187
50659,2188
4259,2189
33713,2190
72185,2191
55537,2192
5673,2193
30909,2194
22399,2195
80889,2196
12253,2197
76788,2198
20022,2199
56135,2200
61478,2201
11603,2202
9450,2203
48339,2204
63769,2205
53839,2206
18337,2207
55342,2208
31916,2209
28224,2210
83620,2211
14836,2212
31372,2213
5504,2214
33441,2215
44580,2216
37463,2217
35392,2218
81333,2219
41679,2220
79956,2221
55339,2222
47690,2223
47418,2224
21533,2225
36935,2226
14622,2227
2197,2228
86647,2229
87609,2230
24881,2231
24424,2232
79234,2233
54831,2234
25408,2235
42152,2236
24641,2237
45062,2238
82965,2239
49250,2240
45487,2241
81795,2242
13204,2243
87500,2244
52736,2245
24819,2246
67141,2247
14398,2248
66618,2249
18242,2250
46124,2251
11783,2252
85246,2253
10240,2254
62625,2255
28029,2256
71647,2257
68455,2258
34589,2259
3881,2260
14412,2261
78663,2262
52591,2263
45591,2264
78443,2265
38020,2266
254,2267
62765,2268
51848,2269
85696,2270
66562,2271
58561,2272
52317,2273
55270,2274
70309,2275
9737,2276
10164,2277
10604,2278
27816,2279
32855,2280
29794,2281
25513,2282
65821,2283
86101,2284
68487,2285
67707,2286
1675,2287
27945,2288
84332,2289
85456,2290
84206,2291
11005,2292
6694,2293
77800,2294
70730,2295
80712,2296
50695,2297
19237,2298
47227,2299
51828,2300
72269,2301
62636,2302
35717,2303
36706,2304
1825,2305
78511,2306
46339,2307
43121,2308
85171,2309
33986,2310
17901,2311
1703,2312
51049,2313
50666,2314
29596,2315
51812,2316
53301,2317
74331,2318
87909,2319
44027,2320
58038,2321
6876,2322
8688,2323
88033,2324
21884,2325
49753,2326
85698,2327
5744,2328
18743,2329
43363,2330
69635,2331
69829,2332
87556,2333
58860,2334
43311,2335
32837,2336
1425,2337
23572,2338
42897,2339
54899,2340
53434,2341
66088,2342
17363,2343
86964,2344
87142,2345
87834,2346
51612,2347
84781,2348
69912,2349
23929,2350
14495,2351
32112,2352
40786,2353
31733,2354
54989,2355
53635,2356
58115,2357
7446,2358
23891,2359
77735,2360
45803,2361
53322,2362
74903,2363
41505,2364
37417,2365
1741,2366
15151,2367
46692,2368
68159,2369
3915,2370
71361,2371
63972,2372
85506,2373
52994,2374
39430,2375
68224,2376
58825,2377
44540,2378
29540,2379
87337,2380
51817,2381
11785,2382
28068,2383
87072,2384
73840,2385
62533,2386
57784,2387
8057,2388
1692,2389
40707,2390
51776,2391
64622,2392
51101,2393
47419,2394
6693,2395
11827,2396
6519,2397
75867,2398
8647,2399
62112,2400
50188,2401
42761,2402
10850,2403
29549,2404
12460,2405
45808,2406
4090,2407
46074,2408
19080,2409
29952,2410
51320,2411
37387,2412
87049,2413
25184,2414
46142,2415
70528,2416
23134,2417
61195,2418
50810,2419
34259,2420
44978,2421
25123,2422
43406,2423
45663,2424
47209,2425
42384,2426
55374,2427
28347,2428
9258,2429
68184,2430
19504,2431
24513,2432
25700,2433
17980,2434
24055,2435
29364,2436
87279,2437
46093,2438
50106,2439
79094,2440
50190,2441
78622,2442
12832,2443
81550,2444
37351,2445
3919,2446
55294,2447
60044,2448
4606,2449
51833,2450
31930,2451
77181,2452
85576,2453
34677,2454
87533,2455
37427,2456
46448,2457
78480,2458
7976,2459
19347,2460
14793,2461
9903,2462
31265,2463
45026,2464
33293,2465
65934,2466
83872,2467
42343,2468
84636,2469
7325,2470
1966,2471
14351,2472
33936,2473
41358,2474
75921,2475
6187,2476
34302,2477
58271,2478
58177,2479
16894,2480
36745,2481
36586,2482
42776,2483
77734,2484
2327,2485
18691,2486
48063,2487
49856,2488
32994,2489
51072,2490
81470,2491
10730,2492
28575,2493
40812,2494
46556,2495
5128,2496
50927,2497
73274,2498
5210,2499
84698,2500
62268,2501
79797,2502
71337,2503
35147,2504
11885,2505
20375,2506
73638,2507
72020,2508
50781,2509
3995,2510
50847,2511
35664,2512
51191,2513
32568,2514
70048,2515
2790,2516
58167,2517
66131,2518
18032,2519
7534,2520
47246,2521
12419,2522
13594,2523
57667,2524
9149,2525
33617,2526
7611,2527
77737,2528
30111,2529
72598,2530
87548,2531
72506,2532
51794,2533
14825,2534
8559,2535
87713,2536
45308,2537
45370,2538
64772,2539
86102,2540
70901,2541
66738,2542
58834,2543
67999,2544
21274,2545
1847,2546
74075,2547
58426,2548
56061,2549
31855,2550
51445,2551
29758,2552
17782,2553
74878,2554
78096,2555
61366,2556
39122,2557
84867,2558
8504,2559
36253,2560
77232,2561
22960,2562
33099,2563
75467,2564
14441,2565
41430,2566
29622,2567
19334,2568
39003,2569
87601,2570
61469,2571
24483,2572
10422,2573
46195,2574
86339,2575
7941,2576
52324,2577
24167,2578
202,2579
62960,2580
17841,2581
510,2582
67298,2583
58222,2584
23107,2585
34211,2586
70812,2587
43670,2588
22866,2589
47997,2590
85600,2591
24423,2592
70417,2593
71662,2594
50132,2595
72416,2596
49692,2597
20258,2598
86594,2599
46721,2600
28267,2601
78918,2602
77371,2603
45556,2604
87933,2605
45100,2606
87328,2607
71912,2608
10397,2609
8013,2610
33095,2611
41126,2612
68018,2613
10251,2614
70736,2615
55263,2616
79295,2617
71289,2618
74312,2619
56788,2620
5772,2621
72289,2622
70961,2623
24287,2624
75851,2625
74739,2626
17112,2627
16926,2628
25102,2629
30013,2630
73048,2631
10643,2632
67037,2633
34420,2634
39482,2635
908,2636
76881,2637
87975,2638
17638,2639
72745,2640
65652,2641
28452,2642
26936,2643
47251,2644
78968,2645
9649,2646
2501,2647
84205,2648
37672,2649
78052,2650
831,2651
35807,2652
33491,2653
42673,2654
70750,2655
35855,2656
6811,2657
36809,2658
37144,2659
19322,2660
57262,2661
46814,2662
66144,2663
81594,2664
43757,2665
50998,2666
883,2667
36707,2668
83729,2669
75995,2670
70163,2671
31897,2672
79585,2673
71245,2674
41047,2675
23948,2676
72612,2677
26412,2678
7714,2679
23469,2680
79782,2681
7090,2682
37763,2683
33106,2684
39152,2685
44868,2686
75191,2687
36247,2688
19934,2689
32598,2690
44951,2691
8183,2692
51803,2693
42532,2694
22850,2695
26957,2696
81622,2697
37347,2698
6477,2699
20087,2700
21328,2701
28549,2702
37834,2703
10647,2704
61490,2705
8335,2706
33100,2707
80111,2708
24293,2709
8509,2710
81321,2711
67573,2712
69182,2713
11091,2714
7430,2715
43492,2716
84748,2717
23980,2718
20447,2719
87325,2720
71701,2721
77701,2722
43914,2723
59234,2724
11276,2725
73764,2726
87850,2727
30779,2728
19488,2729
87477,2730
50672,2731
77880,2732
73059,2733
18249,2734
35741,2735
44562,2736
60927,2737
44537,2738
53559,2739
6368,2740
5071,2741
79434,2742
86432,2743
52239,2744
18443,2745
27942,2746
87922,2747
67215,2748
49762,2749
10751,2750
16480,2751
35618,2752
66315,2753
62695,2754
11532,2755
11699,2756
45486,2757
78386,2758
52374,2759
86386,2760
26394,2761
36415,2762
43045,2763
30086,2764
56151,2765
51834,2766
88020,2767
6152,2768
31942,2769
43704,2770
72000,2771
73005,2772
19481,2773
43823,2774
36209,2775
7940,2776
13016,2777
46869,2778
80799,2779
70322,2780
30425,2781
53664,2782
52727,2783
51718,2784
53242,2785
31306,2786
29300,2787
31225,2788
78340,2789
87528,2790
50269,2791
35420,2792
7050,2793
17949,2794
41254,2795
45040,2796
1999,2797
81307,2798
58641,2799
44330,2800
65948,2801
9548,2802
47780,2803
68439,2804
43795,2805
77205,2806
84986,2807
3869,2808
65178,2809
19749,2810
13233,2811
32343,2812
32820,2813
14505,2814
78426,2815
24196,2816
87150,2817
14624,2818
71338,2819
19402,2820
61435,2821
79362,2822
56142,2823
72195,2824
67106,2825
58620,2826
19858,2827
49359,2828
70062,2829
72373,2830
18807,2831
5459,2832
83925,2833
53120,2834
66174,2835
74425,2836
68703,2837
28491,2838
26894,2839
30464,2840
71888,2841
9650,2842
29951,2843
85073,2844
58533,2845
27963,2846
24169,2847
24578,2848
76575,2849
71556,2850
82306,2851
79070,2852
56037,2853
31940,2854
33081,2855
65987,2856
29122,2857
55557,2858
28825,2859
46627,2860
26744,2861
67427,2862
48186,2863
9617,2864
42692,2865
48144,2866
45673,2867
57248,2868
23965,2869
2295,2870
72920,2871
48670,2872
21784,2873
66333,2874
44089,2875
47422,2876
300,2877
41925,2878
21836,2879
61302,2880
36068,2881
80831,2882
9550,2883
27158,2884
52722,2885
69160,2886
41332,2887
55313,2888
86894,2889
85296,2890
1844,2891
62315,2892
24029,2893
83349,2894
46538,2895
44502,2896
88157,2897
12920,2898
43943,2899
23856,2900
8837,2901
7903,2902
1598,2903
65579,2904
12524,2905
23957,2906
41867,2907
37322,2908
79100,2909
55161,2910
45061,2911
70406,2912
10473,2913
43090,2914
81844,2915
81042,2916
81150,2917
19151,2918
73714,2919
6363,2920
33614,2921
661,2922
47193,2923
11081,2924
4177,2925
46555,2926
77180,2927
12250,2928
85353,2929
29023,2930
41512,2931
84805,2932
66076,2933
87244,2934
66766,2935
29297,2936
66603,2937
54897,2938
49417,2939
10423,2940
68202,2941
1324,2942
42617,2943
71772,2944
26697,2945
53065,2946
69843,2947
17892,2948
42479,2949
507,2950
29924,2951
18470,2952
36397,2953
51063,2954
79276,2955
55336,2956
7753,2957
5104,2958
11600,2959
46630,2960
9606,2961
45592,2962
31885,2963
8577,2964
25152,2965
41962,2966
79367,2967
8823,2968
44941,2969
42760,2970
74410,2971
73597,2972
5022,2973
81389,2974
85389,2975
83500,2976
19078,2977
855,2978
20526,2979
33013,2980
50187,2981
78619,2982
73728,2983
6873,2984
8876,2985
8045,2986
87589,2987
46354,2988
34228,2989
87962,2990
23654,2991
1151,2992
32888,2993
58181,2994
85072,2995
87369,2996
80146,2997
84675,2998
76166,2999
46653,3000
62026,3001
41814,3002
48881,3003
30427,3004
57238,3005
20644,3006
24105,3007
84453,3008
87493,3009
76658,3010
17846,3011
87687,3012
72862,3013
31508,3014
64620,3015
5182,3016
14652,3017
72853,3018
71932,3019
70074,3020
47117,3021
48636,3022
78417,3023
17834,3024
80562,3025
79823,3026
76669,3027
31818,3028
11162,3029
71744,3030
23945,3031
48569,3032
76804,3033
34281,3034
34880,3035
72204,3036
13704,3037
58751,3038
44612,3039
358,3040
73082,3041
35211,3042
77615,3043
77595,3044
32692,3045
25055,3046
86747,3047
76676,3048
25166,3049
6224,3050
10681,3051
19074,3052
70021,3053
12839,3054
7547,3055
28533,3056
42225,3057
45563,3058
17911,3059
77325,3060
77835,3061
8810,3062
67598,3063
78984,3064
23788,3065
15049,3066
767,3067
71909,3068
79702,3069
26893,3070
17798,3071
44591,3072
71194,3073
9871,3074
64206,3075
41846,3076
18699,3077
49848,3078
69154,3079
1685,3080
23674,3081
68006,3082
14396,3083
29307,3084
27783,3085
59337,3086
74069,3087
2827,3088
42254,3089
5701,3090
87725,3091
58362,3092
32761,3093
45852,3094
9905,3095
3104,3096
5666,3097
23253,3098
54892,3099
23887,3100
71388,3101
45578,3102
56153,3103
51074,3104
14852,3105
80544,3106
35457,3107
884,3108
2989,3109
6798,3110
85406,3111
30691,3112
45972,3113
62374,3114
28373,3115
57006,3116
32399,3117
20233,3118
2251,3119
14632,3120
27792,3121
60053,3122
53915,3123
43426,3124
77268,3125
17622,3126
59048,3127
66413,3128
47892,3129
21154,3130
78177,3131
74615,3132
73608,3133
61233,3134
58543,3135
50957,3136
268,3137
47314,3138
44051,3139
71886,3140
60555,3141
24714,3142
25359,3143
46116,3144
70099,3145
43367,3146
49133,3147
8326,3148
47675,3149
62252,3150
70796,3151
3338,3152
41724,3153
73850,3154
35103,3155
32791,3156
57023,3157
8928,3158
41273,3159
17614,3160
15002,3161
2202,3162
1826,3163
3976,3164
45330,3165
71699,3166
52758,3167
62183,3168
42714,3169
4634,3170
7056,3171
71091,3172
15142,3173
26361,3174
29356,3175
3346,3176
5294,3177
30876,3178
44973,3179
47304,3180
44635,3181
13901,3182
57796,3183
73389,3184
85236,3185
1085,3186
4206,3187
37239,3188
82063,3189
35134,3190
14188,3191
9990,3192
52600,3193
44657,3194
78498,3195
65912,3196
50898,3197
67950,3198
78123,3199
29473,3200
85757,3201
59140,3202
77550,3203
21358,3204
44488,3205
81206,3206
53247,3207
87824,3208
21492,3209
40734,3210
28807,3211
66495,3212
50539,3213
77448,3214
86636,3215
57774,3216
45798,3217
35519,3218
34678,3219
86530,3220
45299,3221
78158,3222
41995,3223
50107,3224
73516,3225
45218,3226
30502,3227
44317,3228
44029,3229
30649,3230
34323,3231
61391,3232
43742,3233
993,3234
47116,3235
48737,3236
60942,3237
52227,3238
10406,3239
71312,3240
74721,3241
26442,3242
10074,3243
77137,3244
67599,3245
19522,3246
2024,3247
7093,3248
56962,3249
933,3250
83754,3251
19484,3252
72124,3253
43807,3254
47377,3255
27089,3256
28239,3257
2056,3258
9096,3259
6162,3260
85075,3261
23225,3262
64527,3263
86575,3264
33608,3265
23468,3266
31041,3267
5040,3268
57577,3269
33961,3270
34321,3271
79309,3272
31714,3273
8043,3274
19289,3275
63736,3276
33711,3277
33077,3278
87143,3279
24201,3280
43143,3281
51686,3282
30465,3283
12871,3284
62808,3285
51319,3286
61948,3287
18560,3288
28866,3289
66360,3290
45769,3291
44160,3292
68832,3293
45508,3294
84300,3295
33656,3296
19124,3297
20907,3298
85807,3299
31544,3300
24935,3301
74975,3302
72062,3303
14211,3304
64597,3305
2401,3306
26789,3307
68940,3308
7619,3309
70057,3310
86637,3311
47447,3312
68229,3313
82344,3314
86545,3315
43781,3316
1467,3317
86561,3318
17086,3319
74711,3320
47132,3321
44599,3322
29899,3323
9205,3324
66138,3325
34216,3326
26669,3327
21644,3328
83749,3329
2832,3330
47482,3331
81119,3332
1170,3333
57699,3334
67497,3335
87680,3336
71381,3337
42207,3338
42907,3339
33070,3340
87593,3341
45311,3342
71841,3343
67410,3344
14339,3345
16815,3346
85054,3347
28432,3348
50502,3349
66456,3350
2142,3351
81612,3352
56088,3353
56746,3354
66270,3355
78952,3356
57849,3357
45450,3358
26439,3359
34479,3360
61206,3361
10980,3362
23441,3363
61865,3364
72492,3365
84904,3366
49151,3367
45924,3368
35443,3369
486,3370
60051,3371
62040,3372
71488,3373
10775,3374
82455,3375
15141,3376
54271,3377
23864,3378
78664,3379
23173,3380
67453,3381
13151,3382
10935,3383
24084,3384
86053,3385
62296,3386
77074,3387
17332,3388
80943,3389
44699,3390
9279,3391
87887,3392
28467,3393
34090,3394
66894,3395
44496,3396
62624,3397
77504,3398
14400,3399
17557,3400
81133,3401
68121,3402
60101,3403
66040,3404
61307,3405
23819,3406
8619,3407
47330,3408
50600,3409
9593,3410
10656,3411
9706,3412
29132,3413
78608,3414
52264,3415
42320,3416
11569,3417
33955,3418
32280,3419
43244,3420
13378,3421
9306,3422
81396,3423
18511,3424
12258,3425
81141,3426
65877,3427
84031,3428
24079,3429
9224,3430
3312,3431
25262,3432
70031,3433
6695,3434
66977,3435
36200,3436
67699,3437
84987,3438
49329,3439
86195,3440
66231,3441
31293,3442
78220,3443
18374,3444
77375,3445
10338,3446
26698,3447
76531,3448
2555,3449
23701,3450
61140,3451
50580,3452
48564,3453
6124,3454
26467,3455
21872,3456
18849,3457
78645,3458
78420,3459
81373,3460
19335,3461
62669,3462
43005,3463
86749,3464
49220,3465
80381,3466
50086,3467
39361,3468
76904,3469
24428,3470
40048,3471
28318,3472
84542,3473
85932,3474
28338,3475
13483,3476
12187,3477
57582,3478
4573,3479
53833,3480
37981,3481
75184,3482
69680,3483
32656,3484
40737,3485
2809,3486
45083,3487
83914,3488
84832,3489
71517,3490
2588,3491
86125,3492
7850,3493
69397,3494
30097,3495
29189,3496
29126,3497
20575,3498
31276,3499
17781,3500
44241,3501
5538,3502
71071,3503
4282,3504
77418,3505
80430,3506
46430,3507
62872,3508
7082,3509
66179,3510
81315,3511
69947,3512
23129,3513
67805,3514
45478,3515
8307,3516
8058,3517
31924,3518
24779,3519
11444,3520
14023,3521
54973,3522
52233,3523
45194,3524
80933,3525
9808,3526
45773,3527
29184,3528
45063,3529
18218,3530
76941,3531
4437,3532
19270,3533
24445,3534
50001,3535
52728,3536
13653,3537
78095,3538
41054,3539
41810,3540
34915,3541
56063,3542
29690,3543
15066,3544
77690,3545
42288,3546
45109,3547
55591,3548
87323,3549
4843,3550
69709,3551
57756,3552
31582,3553
21825,3554
58531,3555
28971,3556
1550,3557
49918,3558
29365,3559
23932,3560
51688,3561
19240,3562
50755,3563
21407,3564
87288,3565
10241,3566
80697,3567
61582,3568
87901,3569
9534,3570
3914,3571
61723,3572
53925,3573
28688,3574
8276,3575
7769,3576
44122,3577
31107,3578
32584,3579
74304,3580
13486,3581
87334,3582
68048,3583
19092,3584
44482,3585
41932,3586
62530,3587
50203,3588
53069,3589
23531,3590
23797,3591
29750,3592
33035,3593
74908,3594
36845,3595
76621,3596
70329,3597
12691,3598
53347,3599
62265,3600
43557,3601
69190,3602
26256,3603
42992,3604
67976,3605
2839,3606
55926,3607
42951,3608
77326,3609
58469,3610
28738,3611
66246,3612
17837,3613
22864,3614
66123,3615
17761,3616
36147,3617
24920,3618
41382,3619
3763,3620
79940,3621
42159,3622
1327,3623
86227,3624
86457,3625
55260,3626
21697,3627
37704,3628
52433,3629
52706,3630
17681,3631
27004,3632
52558,3633
57677,3634
24271,3635
77772,3636
7697,3637
28757,3638
6607,3639
25142,3640
74795,3641
76846,3642
77112,3643
66098,3644
66412,3645
1593,3646
34063,3647
66525,3648
36251,3649
34820,3650
86877,3651
42821,3652
73676,3653
87028,3654
5682,3655
79489,3656
28223,3657
87957,3658
41140,3659
75852,3660
51725,3661
68786,3662
41907,3663
70484,3664
63630,3665
12227,3666
66496,3667
72880,3668
77730,3669
24620,3670
3333,3671
25175,3672
82731,3673
2886,3674
72719,3675
35721,3676
69484,3677
17247,3678
24869,3679
17010,3680
79425,3681
43805,3682
42665,3683
20261,3684
80639,3685
48376,3686
70374,3687
84901,3688
8664,3689
72243,3690
66178,3691
11369,3692
58643,3693
28642,3694
5683,3695
7716,3696
35787,3697
8192,3698
23355,3699
42894,3700
17524,3701
79132,3702
42297,3703
5758,3704
81313,3705
85750,3706
42826,3707
78850,3708
21463,3709
78210,3710
84477,3711
43677,3712
19025,3713
7464,3714
77515,3715
24188,3716
7017,3717
6803,3718
86966,3719
61156,3720
46178,3721
29752,3722
73049,3723
25105,3724
24292,3725
88019,3726
33295,3727
33204,3728
69295,3729
2559,3730
2919,3731
87626,3732
66379,3733
35189,3734
69485,3735
12265,3736
37010,3737
9077,3738
71896,3739
60772,3740
5542,3741
10030,3742
78689,3743
35441,3744
9897,3745
34426,3746
78028,3747
58789,3748
35972,3749
11526,3750
33355,3751
8518,3752
74882,3753
71984,3754
44276,3755
74251,3756
50752,3757
70175,3758
17615,3759
81454,3760
37787,3761
18702,3762
8829,3763
87685,3764
37403,3765
60713,3766
62432,3767
53766,3768
47820,3769
77390,3770
29573,3771
72942,3772
80643,3773
32933,3774
5842,3775
41590,3776
33076,3777
26411,3778
18132,3779
13094,3780
24150,3781
26261,3782
58109,3783
42379,3784
41379,3785
35267,3786
36175,3787
51611,3788
958,3789
10048,3790
31827,3791
58831,3792
42566,3793
55377,3794
52498,3795
977,3796
357,3797
59265,3798
45580,3799
73598,3800
71526,3801
25378,3802
30746,3803
58361,3804
48394,3805
84497,3806
66258,3807
24479,3808
87990,3809
24882,3810
9783,3811
45809,3812
37761,3813
46988,3814
68431,3815
51152,3816
42871,3817
41381,3818
34142,3819
79251,3820
5520,3821
47352,3822
80092,3823
61071,3824
49238,3825
65898,3826
9252,3827
79439,3828
47394,3829
29630,3830
73084,3831
81348,3832
72874,3833
18640,3834
7380,3835
52685,3836
21735,3837
33026,3838
45951,3839
25197,3840
48335,3841
80484,3842
41197,3843
8025,3844
86461,3845
62490,3846
22868,3847
51325,3848
67585,3849
79321,3850
47078,3851
8085,3852
70542,3853
788,3854
66637,3855
42255,3856
14789,3857
72314,3858
3689,3859
4796,3860
12928,3861
72368,3862
84145,3863
17658,3864
13286,3865
78277,3866
68573,3867
66693,3868
8869,3869
23424,3870
70942,3871
18023,3872
25336,3873
10511,3874
1897,3875
30864,3876
7300,3877
43998,3878
1123,3879
62213,3880
48654,3881
79509,3882
14438,3883
8242,3884
35000,3885
45228,3886
82037,3887
73073,3888
50658,3889
1369,3890
60970,3891
72811,3892
29090,3893
11777,3894
83761,3895
36145,3896
72301,3897
28306,3898
32018,3899
19603,3900
72782,3901
38255,3902
23138,3903
45261,3904
79066,3905
54234,3906
68627,3907
28969,3908
69913,3909
34129,3910
77574,3911
70169,3912
87480,3913
9837,3914
28335,3915
75418,3916
42818,3917
52499,3918
79711,3919
19627,3920
57098,3921
69868,3922
8548,3923
81602,3924
75859,3925
70990,3926
76540,3927
74065,3928
79864,3929
41118,3930
57917,3931
35661,3932
42294,3933
8787,3934
48513,3935
6110,3936
19383,3937
86234,3938
7146,3939
11856,3940
44545,3941
24025,3942
29962,3943
47676,3944
61869,3945
30546,3946
76439,3947
67238,3948
9380,3949
73369,3950
64639,3951
76920,3952
62193,3953
61312,3954
1525,3955
59011,3956
41226,3957
49682,3958
69223,3959
41449,3960
64533,3961
69480,3962
55570,3963
77624,3964
55848,3965
77032,3966
9907,3967
49698,3968
21823,3969
32904,3970
13043,3971
39615,3972
70008,3973
84870,3974
43187,3975
73436,3976
87819,3977
73932,3978
46926,3979
49188,3980
79920,3981
3910,3982
50826,3983
28493,3984
43240,3985
83769,3986
69162,3987
41866,3988
65240,3989
4829,3990
23583,3991
46435,3992
70478,3993
83192,3994
25159,3995
10683,3996
54906,3997
83801,3998
45640,3999
27899,4000
2038,4001
44240,4002
6242,4003
70648,4004
42840,4005
74638,4006
66477,4007
67010,4008
28568,4009
72002,4010
31156,4011
20591,4012
61578,4013
70280,4014
76005,4015
48311,4016
19923,4017
19223,4018
60142,4019
25830,4020
85726,4021
19936,4022
70958,4023
25156,4024
31663,4025
83687,4026
8958,4027
75969,4028
53438,4029
34587,4030
30547,4031
13104,4032
88049,4033
23579,4034
53333,4035
86296,4036
13624,4037
46575,4038
51851,4039
54903,4040
43655,4041
79654,4042
67269,4043
32574,4044
12957,4045
87344,4046
34009,4047
86496,4048
28460,4049
8991,4050
33668,4051
28337,4052
36881,4053
32895,4054
54160,4055
49132,4056
28782,4057
55808,4058
17687,4059
44220,4060
65841,4061
14180,4062
7249,4063
7577,4064
67268,4065
34581,4066
28144,4067
28811,4068
42197,4069
78987,4070
40541,4071
85808,4072
27880,4073
27912,4074
77906,4075
35214,4076
55057,4077
9597,4078
24066,4079
18525,4080
71564,4081
72487,4082
14566,4083
87511,4084
9109,4085
74117,4086
33354,4087
83634,4088
33173,4089
8872,4090
79827,4091
85367,4092
77798,4093
52520,4094
3885,4095
69916,4096
43593,4097
25928,4098
51212,4099
72096,4100
13103,4101
47161,4102
27264,4103
36074,4104
25252,4105
79409,4106
6470,4107
50418,4108
56171,4109
68554,4110
55860,4111
12814,4112
78042,4113
11236,4114
44403,4115
77355,4116
78330,4117
25665,4118
16896,4119
86726,4120
86903,4121
74902,4122
70957,4123
57597,4124
50764,4125
50053,4126
60019,4127
55995,4128
73038,4129
4268,4130
66247,4131
6643,4132
18367,4133
28768,4134
56970,4135
83674,4136
77899,4137
53308,4138
55810,4139
34322,4140
83985,4141
71213,4142
44013,4143
62082,4144
35599,4145
52723,4146
87010,4147
47621,4148
10777,4149
85178,4150
52432,4151
81646,4152
44872,4153
86610,4154
31174,4155
53477,4156
78501,4157
62437,4158
44892,4159
5184,4160
7756,4161
61346,4162
50433,4163
49491,4164
23345,4165
34512,4166
71293,4167
54890,4168
61520,4169
26904,4170
78906,4171
24680,4172
55125,4173
2762,4174
5994,4175
84747,4176
9042,4177
41438,4178
51744,4179
29481,4180
7006,4181
50521,4182
50565,4183
7511,4184
76908,4185
62708,4186
36938,4187
87542,4188
85625,4189
25026,4190
36664,4191
24331,4192
19500,4193
74906,4194
65968,4195
30501,4196
28538,4197
58529,4198
56540,4199
33604,4200
8537,4201
47274,4202
34845,4203
17301,4204
29223,4205
7443,4206
81473,4207
49354,4208
8096,4209
23657,4210
28735,4211
243,4212
1993,4213
80383,4214
3852,4215
46833,4216
64753,4217
85980,4218
4386,4219
85195,4220
45681,4221
49671,4222
31713,4223
34451,4224
84923,4225
41755,4226
31129,4227
1029,4228
68827,4229
70006,4230
36011,4231
79031,4232
26663,4233
79565,4234
18793,4235
8099,4236
38023,4237
58340,4238
31902,4239
49496,4240
29037,4241
31133,4242
2256,4243
19126,4244
32287,4245
71177,4246
35107,4247
23371,4248
23884,4249
26986,4250
71751,4251
20543,4252
67424,4253
16481,4254
19361,4255
10102,4256
6518,4257
56261,4258
64593,4259
78818,4260
47278,4261
19072,4262
72094,4263
28706,4264
41019,4265
5026,4266
1215,4267
65475,4268
3904,4269
35168,4270
67567,4271
9046,4272
28651,4273
19227,4274
33059,4275
77387,4276
61651,4277
27725,4278
86918,4279
52835,4280
72308,4281
487,4282
43377,4283
77307,4284
17881,4285
6944,4286
78469,4287
72152,4288
31395,4289
30307,4290
26864,4291
6089,4292
16972,4293
21866,4294
33577,4295
2296,4296
13449,4297
4638,4298
35994,4299
31645,4300
49400,4301
770,4302
10556,4303
57876,4304
42475,4305
37110,4306
7768,4307
66473,4308
32501,4309
9426,4310
74707,4311
1694,4312
66139,4313
55755,4314
51602,4315
73394,4316
61353,4317
59324,4318
61903,4319
70216,4320
55016,4321
65035,4322
29395,4323
55855,4324
80607,4325
29516,4326
68066,4327
61778,4328
79456,4329
67236,4330
33340,4331
9064,4332
8691,4333
86489,4334
67096,4335
14974,4336
49946,4337
12307,4338
56342,4339
51743,4340
35923,4341
63650,4342
25725,4343
80936,4344
79199,4345
71589,4346
45237,4347
1673,4348
81139,4349
8297,4350
83806,4351
24166,4352
343,4353
35809,4354
10058,4355
36374,4356
42128,4357
16850,4358
5156,4359
85944,4360
77450,4361
71787,4362
51026,4363
47628,4364
1941,4365
24097,4366
59379,4367
45120,4368
57724,4369
46540,4370
87684,4371
77832,4372
34876,4373
42247,4374
5140,4375
42177,4376
36323,4377
43342,4378
18972,4379
7889,4380
42554,4381
51266,4382
67442,4383
31975,4384
46726,4385
81611,4386
13845,4387
6436,4388
34291,4389
83672,4390
79175,4391
87579,4392
5954,4393
83947,4394
15852,4395
5185,4396
67246,4397
29898,4398
71371,4399
24054,4400
43697,4401
69675,4402
76706,4403
87155,4404
17000,4405
51608,4406
29193,4407
68915,4408
61141,4409
4233,4410
79284,4411
7211,4412
20858,4413
44675,4414
9610,4415
8538,4416
31294,4417
53831,4418
37629,4419
69866,4420
43684,4421
23676,4422
9546,4423
71291,4424
67518,4425
72746,4426
72109,4427
79390,4428
69969,4429
74844,4430
25181,4431
74982,4432
53378,4433
14811,4434
86638,4435
26903,4436
71139,4437
8880,4438
17375,4439
60479,4440
80846,4441
69275,4442
7004,4443
66049,4444
52710,4445
47097,4446
34471,4447
62888,4448
29725,4449
45074,4450
67334,4451
44362,4452
80887,4453
86252,4454
42264,4455
13180,4456
61766,4457
24596,4458
49558,4459
35229,4460
47449,4461
78980,4462
74677,4463
34596,4464
76530,4465
33813,4466
68968,4467
70682,4468
85571,4469
44034,4470
9050,4471
33380,4472
88080,4473
72399,4474
76824,4475
61159,4476
7462,4477
51708,4478
50684,4479
41476,4480
57722,4481
88060,4482
88110,4483
87532,4484
71057,4485
62373,4486
84847,4487
198,4488
62517,4489
74939,4490
35097,4491
71492,4492
7275,4493
14436,4494
43144,4495
73528,4496
25407,4497
44910,4498
67422,4499
43207,4500
56186,4501
8631,4502
20263,4503
73411,4504
84649,4505
11314,4506
85173,4507
47751,4508
75240,4509
9350,4510
33710,4511
11015,4512
67182,4513
86668,4514
50404,4515
76618,4516
47096,4517
29786,4518
31915,4519
58006,4520
4614,4521
49174,4522
25033,4523
260,4524
23860,4525
57014,4526
13795,4527
32372,4528
36855,4529
18321,4530
8002,4531
42848,4532
28974,4533
71860,4534
41189,4535
41769,4536
28163,4537
13574,4538
10791,4539
50239,4540
24253,4541
87174,4542
25079,4543
32402,4544
60522,4545
36373,4546
15565,4547
38599,4548
67254,4549
59281,4550
87818,4551
13258,4552
13072,4553
34598,4554
87690,4555
54012,4556
18332,4557
12247,4558
23576,4559
27892,4560
43818,4561
33595,4562
55998,4563
23997,4564
60080,4565
35708,4566
77571,4567
45423,4568
70282,4569
67233,4570
67026,4571
31793,4572
63438,4573
66819,4574
33782,4575
36194,4576
76326,4577
45227,4578
87311,4579
1526,4580
31138,4581
45144,4582
71170,4583
82468,4584
50400,4585
11275,4586
43533,4587
59378,4588
36455,4589
32490,4590
80737,4591
28109,4592
29286,4593
7447,4594
50286,4595
70841,4596
9718,4597
59780,4598
45145,4599
64102,4600
3721,4601
36457,4602
14456,4603
72011,4604
41215,4605
69005,4606
50437,4607
30129,4608
81429,4609
53266,4610
66310,4611
28828,4612
9849,4613
53268,4614
44966,4615
61994,4616
4083,4617
6309,4618
49804,4619
71672,4620
31171,4621
9579,4622
80127,4623
40942,4624
37291,4625
74973,4626
45048,4627
5216,4628
70164,4629
14006,4630
5075,4631
30841,4632
53606,4633
37712,4634
2031,4635
88142,4636
11315,4637
85425,4638
62358,4639
31166,4640
31328,4641
41513,4642
42141,4643
21036,4644
72088,4645
48266,4646
29344,4647
76717,4648
36361,4649
70644,4650
14205,4651
34188,4652
16140,4653
81180,4654
35266,4655
56826,4656
29595,4657
41719,4658
13929,4659
1827,4660
29210,4661
47068,4662
88141,4663
11216,4664
18311,4665
30990,4666
18561,4667
66578,4668
68021,4669
10588,4670
36239,4671
59029,4672
65047,4673
72208,4674
14819,4675
47288,4676
87898,4677
62009,4678
77269,4679
71299,4680
74078,4681
6898,4682
10059,4683
62969,4684
10067,4685
72833,4686
79026,4687
75077,4688
45535,4689
70643,4690
70328,4691
8423,4692
42970,4693
58568,4694
5078,4695
32044,4696
7403,4697
85216,4698
48364,4699
41689,4700
45632,4701
9964,4702
45947,4703
87779,4704
44678,4705
57483,4706
6157,4707
73650,4708
42664,4709
53728,4710
69276,4711
3861,4712
47882,4713
73514,4714
71294,4715
62181,4716
61947,4717
26837,4718
44891,4719
87652,4720
47813,4721
46432,4722
66950,4723
44775,4724
11362,4725
14827,4726
36446,4727
58282,4728
86873,4729
67371,4730
86848,4731
49292,4732
27335,4733
63014,4734
87659,4735
42156,4736
72419,4737
9853,4738
77749,4739
45371,4740
80907,4741
19491,4742
73830,4743
41247,4744
70546,4745
76852,4746
22956,4747
61157,4748
83731,4749
68167,4750
66582,4751
21733,4752
67411,4753
49938,4754
10700,4755
5228,4756
60016,4757
41010,4758
66173,4759
85145,4760
73404,4761
53059,4762
73758,4763
5711,4764
85003,4765
26783,4766
26575,4767
74079,4768
1628,4769
78903,4770
87810,4771
4617,4772
49917,4773
76455,4774
46951,4775
85002,4776
77014,4777
72114,4778
73229,4779
9448,4780
19234,4781
57779,4782
72769,4783
61538,4784
48138,4785
73980,4786
67912,4787
86225,4788
37843,4789
85532,4790
6226,4791
86595,4792
60140,4793
5243,4794
4647,4795
86091,4796
59325,4797
6115,4798
69832,4799
31458,4800
36331,4801
6173,4802
60980,4803
52663,4804
32357,4805
48680,4806
32424,4807
34476,4808
9473,4809
26245,4810
45092,4811
26712,4812
28085,4813
7877,4814
81773,4815
8343,4816
61164,4817
45680,4818
6396,4819
19141,4820
17536,4821
8505,4822
50856,4823
76632,4824
11573,4825
87882,4826
49353,4827
6217,4828
37339,4829
1989,4830
21556,4831
41124,4832
41506,4833
81332,4834
30870,4835
10748,4836
2925,4837
58216,4838
81570,4839
72147,4840
51685,4841
21462,4842
85710,4843
14614,4844
87696,4845
56508,4846
77915,4847
4176,4848
47234,4849
52466,4850
73094,4851
35009,4852
8237,4853
66880,4854
6146,4855
34205,4856
77498,4857
4718,4858
78387,4859
8641,4860
2444,4861
32480,4862
13589,4863
71226,4864
13159,4865
31954,4866
35222,4867
2201,4868
79913,4869
6412,4870
19061,4871
28509,4872
49755,4873
42798,4874
79968,4875
24080,4876
69506,4877
83807,4878
16889,4879
14850,4880
41479,4881
57777,4882
44270,4883
49744,4884
54279,4885
14052,4886
81489,4887
24019,4888
86035,4889
78732,4890
7383,4891
32664,4892
70142,4893
29862,4894
31149,4895
37416,4896
11642,4897
15501,4898
42234,4899
4168,4900
46465,4901
31693,4902
4499,4903
18881,4904
31365,4905
2610,4906
66681,4907
11165,4908
55020,4909
180,4910
62173,4911
56210,4912
18956,4913
71058,4914
84342,4915
78982,4916
20204,4917
42654,4918
25340,4919
19365,4920
71355,4921
12302,4922
70605,4923
85316,4924
45787,4925
70827,4926
47200,4927
19330,4928
8131,4929
12484,4930
26926,4931
46469,4932
73337,4933
62866,4934
14157,4935
72481,4936
33532,4937
41566,4938
1868,4939
15092,4940
30022,4941
44616,4942
191,4943
35652,4944
6649,4945
51092,4946
84621,4947
17030,4948
28652,4949
769,4950
84656,4951
73350,4952
81390,4953
32586,4954
69583,4955
2575,4956
24627,4957
30689,4958
22944,4959
45256,4960
11707,4961
14271,4962
4180,4963
52768,4964
4482,4965
42745,4966
45818,4967
9248,4968
2209,4969
15119,4970
25057,4971
31546,4972
18076,4973
87482,4974
76742,4975
41026,4976
27721,4977
67183,4978
23580,4979
51773,4980
1613,4981
79963,4982
10204,4983
60156,4984
5201,4985
35515,4986
36462,4987
72262,4988
38003,4989
67806,4990
23321,4991
13559,4992
67327,4993
83791,4994
57306,4995
81254,4996
42391,4997
29617,4998
3764,4999
46197,5000
33742,5001
79616,5002
31591,5003
10584,5004
74552,5005
35253,5006
33329,5007
23393,5008
19376,5009
1972,5010
4278,5011
8304,5012
84711,5013
76828,5014
67095,5015
44703,5016
44091,5017
13475,5018
41509,5019
12318,5020
2016,5021
45779,5022
8452,5023
86466,5024
73296,5025
87806,5026
54000,5027
58847,5028
62656,5029
21864,5030
73139,5031
14287,5032
34515,5033
74993,5034
320,5035
86271,5036
81098,5037
60897,5038
4329,5039
13632,5040
77229,5041
71446,5042
80951,5043
29667,5044
81085,5045
84377,5046
18935,5047
58931,5048
63482,5049
23605,5050
23675,5051
55115,5052
6648,5053
37399,5054
47245,5055
79553,5056
8752,5057
41064,5058
85725,5059
15808,5060
4053,5061
55991,5062
85050,5063
41690,5064
11986,5065
68547,5066
57173,5067
71290,5068
55656,5069
7846,5070
43907,5071
2345,5072
71965,5073
23396,5074
69137,5075
83542,5076
45329,5077
66478,5078
42590,5079
42684,5080
88061,5081
26941,5082
8598,5083
49944,5084
87141,5085
87489,5086
34574,5087
4338,5088
29996,5089
66350,5090
9288,5091
1909,5092
61889,5093
59358,5094
19205,5095
27627,5096
45305,5097
11359,5098
33141,5099
46234,5100
3334,5101
78328,5102
85362,5103
37927,5104
62257,5105
17689,5106
47465,5107
10207,5108
21756,5109
1841,5110
71622,5111
33195,5112
46167,5113
84196,5114
47629,5115
4866,5116
14439,5117
83855,5118
57755,5119
48581,5120
36939,5121
18391,5122
42908,5123
46061,5124
87012,5125
47859,5126
75464,5127
72919,5128
32531,5129
12251,5130
67863,5131
87424,5132
32109,5133
42149,5134
31266,5135
30728,5136
10563,5137
166,5138
80013,5139
85266,5140
36593,5141
42425,5142
85226,5143
41053,5144
44109,5145
47298,5146
85778,5147
5491,5148
8383,5149
58776,5150
56103,5151
59350,5152
45767,5153
29227,5154
69663,5155
66502,5156
35646,5157
56916,5158
18844,5159
26665,5160
17805,5161
41190,5162
34482,5163
81308,5164
6624,5165
21208,5166
31224,5167
41734,5168
64678,5169
86758,5170
87194,5171
832,5172
66092,5173
84938,5174
5191,5175
46483,5176
71466,5177
35236,5178
10192,5179
57509,5180
58078,5181
85024,5182
61931,5183
25891,5184
43041,5185
45691,5186
59017,5187
18995,5188
37205,5189
34049,5190
53774,5191
51247,5192
74246,5193
29607,5194
86045,5195
30778,5196
83999,5197
76694,5198
34998,5199
54951,5200
62481,5201
84525,5202
34243,5203
8211,5204
6251,5205
31003,5206
33247,5207
54911,5208
77611,5209
80062,5210
24464,5211
36061,5212
66862,5213
73811,5214
86508,5215
13700,5216
68393,5217
66377,5218
77549,5219
58101,5220
8862,5221
18058,5222
74751,5223
2033,5224
47910,5225
70638,5226
32023,5227
74527,5228
29770,5229
10499,5230
21729,5231
62821,5232
61185,5233
31400,5234
43205,5235
48498,5236
86812,5237
13817,5238
34248,5239
79174,5240
40770,5241
38378,5242
19884,5243
74452,5244
74857,5245
12240,5246
41533,5247
24480,5248
7704,5249
37030,5250
47479,5251
67365,5252
44074,5253
33461,5254
10421,5255
24043,5256
47870,5257
10088,5258
51852,5259
32465,5260
53084,5261
10490,5262
57914,5263
49432,5264
70375,5265
57586,5266
78904,5267
70177,5268
20210,5269
70906,5270
44515,5271
66019,5272
55324,5273
53019,5274
49428,5275
24141,5276
84890,5277
70081,5278
28310,5279
33817,5280
50784,5281
36984,5282
79162,5283
31434,5284
31368,5285
23344,5286
57579,5287
13819,5288
32593,5289
26169,5290
53018,5291
23240,5292
68101,5293
25082,5294
62489,5295
75424,5296
7306,5297
65382,5298
35302,5299
53257,5300
86510,5301
77488,5302
79097,5303
45384,5304
5558,5305
66689,5306
50140,5307
35230,5308
43234,5309
70802,5310
66359,5311
39029,5312
68082,5313
7148,5314
62666,5315
61445,5316
73150,5317
83142,5318
57645,5319
74657,5320
49941,5321
81310,5322
88153,5323
63012,5324
45835,5325
24004,5326
30935,5327
35934,5328
36322,5329
31657,5330
19580,5331
86471,5332
32900,5333
14440,5334
23758,5335
86660,5336
69348,5337
73831,5338
5810,5339
32980,5340
68090,5341
6025,5342
71077,5343
25982,5344
10374,5345
74275,5346
79316,5347
67370,5348
87906,5349
23895,5350
84581,5351
79810,5352
42502,5353
28368,5354
70660,5355
3662,5356
87873,5357
42696,5358
80975,5359
5127,5360
85724,5361
66867,5362
57580,5363
31938,5364
62302,5365
37577,5366
8654,5367
6389,5368
10215,5369
87507,5370
68562,5371
66954,5372
28517,5373
36797,5374
46559,5375
42695,5376
6673,5377
40758,5378
11077,5379
42126,5380
35628,5381
37523,5382
58918,5383
40550,5384
6147,5385
1145,5386
22189,5387
44931,5388
18031,5389
83638,5390
32550,5391
10353,5392
17994,5393
9761,5394
18679,5395
74169,5396
43145,5397
43667,5398
78419,5399
14761,5400
69945,5401
83668,5402
26592,5403
52380,5404
34724,5405
34881,5406
86042,5407
184,5408
77573,5409
37509,5410
43890,5411
58656,5412
75356,5413
53037,5414
78583,5415
35955,5416
79343,5417
50835,5418
43430,5419
24588,5420
60923,5421
50045,5422
32559,5423
71211,5424
79994,5425
18504,5426
50828,5427
50049,5428
50679,5429
4082,5430
74136,5431
48152,5432
65503,5433
37137,5434
69933,5435
23282,5436
79451,5437
51592,5438
33657,5439
6310,5440
54849,5441
80531,5442
43343,5443
40910,5444
43132,5445
86181,5446
69976,5447
37226,5448
53554,5449
21484,5450
37884,5451
27738,5452
46170,5453
29778,5454
5551,5455
69262,5456
84943,5457
43453,5458
48656,5459
30039,5460
66389,5461
24250,5462
81342,5463
42070,5464
46434,5465
42457,5466
71884,5467
81118,5468
9477,5469
68050,5470
72424,5471
8490,5472
37429,5473
51113,5474
24204,5475
33090,5476
43621,5477
68123,5478
47271,5479
66272,5480
36202,5481
88091,5482
86290,5483
3720,5484
21230,5485
57032,5486
74953,5487
23009,5488
22343,5489
42576,5490
28813,5491
85194,5492
58586,5493
58794,5494
32002,5495
46005,5496
81037,5497
39644,5498
63676,5499
36156,5500
23406,5501
57906,5502
13403,5503
46878,5504
27997,5505
17869,5506
14649,5507
39705,5508
6258,5509
32196,5510
13796,5511
25179,5512
14644,5513
40930,5514
50953,5515
9506,5516
61949,5517
32288,5518
10279,5519
3053,5520
28900,5521
44508,5522
33205,5523
21353,5524
47238,5525
33175,5526
84501,5527
55039,5528
3888,5529
53871,5530
69846,5531
52421,5532
84208,5533
41397,5534
4095,5535
55745,5536
51774,5537
56290,5538
28922,5539
84163,5540
45072,5541
5523,5542
55117,5543
77613,5544
45071,5545
56301,5546
19420,5547
35452,5548
66041,5549
37041,5550
36401,5551
24236,5552
2499,5553
50682,5554
41172,5555
10420,5556
87484,5557
85158,5558
61072,5559
72575,5560
85717,5561
60129,5562
42686,5563
35072,5564
32458,5565
59362,5566
53178,5567
6717,5568
37470,5569
48189,5570
73572,5571
8127,5572
49155,5573
67589,5574
19659,5575
860,5576
1344,5577
10608,5578
14780,5579
37037,5580
66296,5581
79710,5582
26591,5583
6562,5584
8098,5585
32565,5586
33690,5587
84457,5588
14555,5589
81012,5590
60230,5591
84788,5592
7853,5593
84159,5594
19284,5595
72710,5596
57643,5597
66846,5598
77651,5599
86961,5600
2874,5601
62329,5602
28867,5603
87260,5604
9081,5605
23256,5606
50443,5607
46965,5608
4868,5609
9454,5610
24598,5611
26171,5612
31963,5613
73336,5614
37868,5615
45761,5616
18018,5617
84192,5618
66097,5619
73654,5620
6605,5621
7939,5622
85255,5623
68062,5624
37870,5625
13959,5626
1591,5627
11208,5628
36482,5629
42057,5630
18229,5631
87672,5632
45347,5633
36456,5634
79976,5635
69567,5636
52267,5637
81531,5638
43162,5639
69076,5640
62630,5641
73642,5642
12799,5643
60095,5644
29293,5645
27813,5646
52411,5647
81658,5648
56777,5649
53934,5650
74656,5651
73924,5652
6799,5653
25053,5654
86772,5655
13836,5656
37759,5657
25722,5658
43034,5659
37237,5660
61197,5661
12726,5662
80670,5663
43877,5664
1997,5665
73743,5666
31878,5667
20488,5668
44526,5669
85457,5670
74798,5671
27201,5672
10082,5673
19341,5674
29421,5675
81477,5676
28795,5677
43313,5678
14294,5679
28643,5680
37568,5681
56021,5682
68673,5683
71903,5684
85995,5685
73857,5686
7100,5687
75114,5688
69828,5689
13114,5690
71590,5691
25387,5692
26745,5693
41353,5694
71948,5695
47215,5696
14116,5697
30827,5698
10154,5699
17971,5700
27027,5701
62422,5702
22952,5703
20824,5704
70537,5705
28712,5706
64456,5707
33245,5708
45259,5709
81555,5710
29645,5711
46737,5712
70677,5713
54272,5714
85895,5715
61928,5716
13067,5717
53947,5718
75408,5719
46697,5720
24737,5721
26251,5722
72278,5723
58872,5724
56304,5725
76418,5726
13366,5727
47604,5728
15117,5729
61549,5730
69102,5731
33788,5732
71242,5733
1129,5734
84153,5735
2525,5736
42492,5737
67800,5738
13595,5739
18693,5740
50146,5741
28912,5742
32191,5743
40739,5744
66981,5745
63662,5746
12813,5747
73050,5748
16833,5749
44797,5750
29891,5751
8542,5752
74423,5753
29834,5754
26315,5755
66940,5756
35315,5757
23457,5758
6945,5759
9487,5760
43910,5761
8902,5762
41917,5763
55910,5764
48365,5765
45119,5766
31204,5767
53184,5768
72019,5769
17693,5770
32327,5771
39797,5772
71880,5773
45844,5774
50130,5775
2135,5776
78342,5777
2247,5778
40719,5779
69588,5780
12972,5781
34485,5782
12908,5783
23046,5784
81207,5785
7048,5786
36929,5787
24346,5788
13702,5789
81375,5790
48593,5791
5541,5792
68524,5793
55873,5794
71848,5795
45505,5796
2859,5797
44222,5798
49766,5799
71192,5800
35174,5801
49947,5802
55331,5803
6400,5804
67317,5805
48736,5806
40732,5807
10757,5808
70826,5809
56322,5810
73838,5811
78452,5812
366,5813
74148,5814
50254,5815
41206,5816
21424,5817
15153,5818
41239,5819
87897,5820
14278,5821
28123,5822
23339,5823
57851,5824
61750,5825
1645,5826
85531,5827
75878,5828
26183,5829
12519,5830
72372,5831
37350,5832
13924,5833
68700,5834
1978,5835
84830,5836
3656,5837
28862,5838
29751,5839
68057,5840
53187,5841
32856,5842
58262,5843
67983,5844
20593,5845
13335,5846
58513,5847
55922,5848
67719,5849
75874,5850
8348,5851
63724,5852
15099,5853
67872,5854
49711,5855
81569,5856
43609,5857
86460,5858
86661,5859
78762,5860
42158,5861
67064,5862
79111,5863
80937,5864
7840,5865
72636,5866
73983,5867
81554,5868
85918,5869
72505,5870
73221,5871
36337,5872
51829,5873
66593,5874
72556,5875
58283,5876
41670,5877
48591,5878
56672,5879
66295,5880
10558,5881
32336,5882
69092,5883
6708,5884
40764,5885
79771,5886
6345,5887
61416,5888
84541,5889
8486,5890
40982,5891
32521,5892
71445,5893
49830,5894
65128,5895
50794,5896
19153,5897
84974,5898
32017,5899
1177,5900
78676,5901
81549,5902
29503,5903
24926,5904
74761,5905
52270,5906
55525,5907
23602,5908
18081,5909
10613,5910
86142,5911
69703,5912
25103,5913
81070,5914
79480,5915
49147,5916
10310,5917
6322,5918
50077,5919
84806,5920
76839,5921
87751,5922
44511,5923
8296,5924
81095,5925
34099,5926
81299,5927
70554,5928
43010,5929
5025,5930
44348,5931
71700,5932
36753,5933
40750,5934
42124,5935
21732,5936
70294,5937
86184,5938
50829,5939
36520,5940
10878,5941
67387,5942
12755,5943
10049,5944
25196,5945
74542,5946
25890,5947
36751,5948
39217,5949
42940,5950
6478,5951
21529,5952
62535,5953
24671,5954
36256,5955
23821,5956
85017,5957
30604,5958
31125,5959
45777,5960
79898,5961
47818,5962
36823,5963
80568,5964
86246,5965
74789,5966
18725,5967
72144,5968
27998,5969
87198,5970
77225,5971
81262,5972
86878,5973
23071,5974
60917,5975
65935,5976
10330,5977
33503,5978
69707,5979
23845,5980
10967,5981
11729,5982
71386,5983
80454,5984
62022,5985
79990,5986
52430,5987
4173,5988
49213,5989
31169,5990
32630,5991
85377,5992
924,5993
70174,5994
27382,5995
85787,5996
42428,5997
53431,5998
11611,5999
57476,6000
12544,6001
53510,6002
5553,6003
24540,6004
54854,6005
44947,6006
68517,6007
6993,6008
33873,6009
8700,6010
70552,6011
45825,6012
51771,6013
50127,6014
53233,6015
56613,6016
84329,6017
45716,6018
69845,6019
13385,6020
62431,6021
61106,6022
54860,6023
50743,6024
66234,6025
67007,6026
4234,6027
80845,6028
81492,6029
49969,6030
36537,6031
30331,6032
62279,6033
10489,6034
76390,6035
10721,6036
78467,6037
74678,6038
3033,6039
42644,6040
26450,6041
49178,6042
79164,6043
11557,6044
62001,6045
28864,6046
43974,6047
3372,6048
24394,6049
75417,6050
30968,6051
64022,6052
6782,6053
84119,6054
23101,6055
18065,6056
77694,6057
7398,6058
50803,6059
41551,6060
33174,6061
31639,6062
10270,6063
85979,6064
28127,6065
2359,6066
82826,6067
77473,6068
35304,6069
25178,6070
37723,6071
41960,6072
87792,6073
45531,6074
46352,6075
67115,6076
49843,6077
67540,6078
56744,6079
48185,6080
57532,6081
84381,6082
69384,6083
33486,6084
71348,6085
23710,6086
88051,6087
34111,6088
42843,6089
42748,6090
23705,6091
50316,6092
66278,6093
57753,6094
9132,6095
53515,6096
88131,6097
12485,6098
1810,6099
66586,6100
11317,6101
38615,6102
25842,6103
51439,6104
44086,6105
33566,6106
45637,6107
51849,6108
75325,6109
58292,6110
50877,6111
24131,6112
60957,6113
74964,6114
13821,6115
41721,6116
34334,6117
23915,6118
62764,6119
72937,6120
504,6121
18079,6122
9147,6123
10640,6124
2053,6125
61558,6126
9868,6127
32007,6128
67593,6129
1378,6130
7515,6131
3342,6132
51913,6133
6151,6134
18573,6135
86082,6136
87823,6137
42712,6138
30873,6139
67536,6140
35993,6141
26955,6142
2954,6143
23337,6144
5233,6145
84224,6146
7512,6147
8385,6148
74122,6149
31015,6150
52753,6151
28348,6152
84286,6153
79601,6154
78161,6155
24650,6156
40574,6157
78946,6158
34994,6159
60557,6160
40806,6161
46347,6162
56339,6163
87598,6164
5605,6165
1156,6166
67093,6167
29422,6168
87629,6169
76750,6170
32560,6171
12242,6172
45163,6173
22869,6174
78455,6175
67743,6176
50897,6177
59235,6178
79715,6179
34519,6180
76893,6181
74990,6182
14355,6183
32798,6184
74850,6185
65194,6186
18726,6187
56449,6188
8453,6189
13955,6190
63820,6191
37591,6192
1087,6193
36422,6194
241,6195
42811,6196
23098,6197
45610,6198
54013,6199
21286,6200
41596,6201
17902,6202
61577,6203
30710,6204
36729,6205
7960,6206
31367,6207
79593,6208
70315,6209
31087,6210
63656,6211
59592,6212
23245,6213
86590,6214
2929,6215
10557,6216
2875,6217
71465,6218
55894,6219
26347,6220
21751,6221
53027,6222
26356,6223
57886,6224
74421,6225
41085,6226
37345,6227
13239,6228
19050,6229
56117,6230
6661,6231
43785,6232
81129,6233
36170,6234
85983,6235
19366,6236
56366,6237
31620,6238
54842,6239
29010,6240
33321,6241
24611,6242
56534,6243
34989,6244
45411,6245
66861,6246
13244,6247
26614,6248
20327,6249
43843,6250
20150,6251
63423,6252
36211,6253
33178,6254
80589,6255
45862,6256
29033,6257
74127,6258
69745,6259
61940,6260
7943,6261
30452,6262
41405,6263
48341,6264
169,6265
10794,6266
57736,6267
5935,6268
71321,6269
66280,6270
32329,6271
34141,6272
7922,6273
35048,6274
79016,6275
85933,6276
42317,6277
35639,6278
58787,6279
57080,6280
45672,6281
53391,6282
51338,6283
21464,6284
7112,6285
43407,6286
59887,6287
915,6288
35656,6289
84394,6290
8896,6291
79542,6292
44424,6293
7477,6294
34193,6295
29245,6296
69509,6297
82705,6298
77907,6299
66503,6300
54835,6301
35790,6302
78750,6303
56517,6304
34244,6305
73496,6306
7656,6307
1686,6308
24516,6309
12065,6310
15691,6311
74290,6312
50620,6313
13643,6314
43479,6315
78454,6316
10614,6317
39694,6318
12119,6319
26895,6320
34842,6321
37112,6322
32502,6323
13247,6324
32907,6325
35268,6326
29782,6327
45476,6328
56072,6329
46050,6330
27967,6331
53188,6332
71764,6333
33838,6334
84217,6335
29467,6336
27492,6337
73664,6338
66877,6339
41535,6340
54833,6341
2498,6342
50401,6343
35153,6344
33996,6345
13587,6346
48288,6347
67461,6348
19554,6349
46057,6350
68967,6351
1911,6352
45774,6353
9170,6354
79794,6355
69631,6356
69587,6357
45351,6358
83959,6359
79116,6360
58396,6361
81356,6362
45014,6363
11852,6364
62670,6365
5012,6366
36657,6367
41195,6368
62341,6369
10742,6370
42932,6371
71122,6372
86109,6373
71708,6374
29629,6375
13058,6376
36650,6377
71797,6378
74310,6379
44192,6380
9047,6381
3389,6382
23640,6383
9027,6384
87862,6385
71480,6386
32857,6387
3668,6388
9775,6389
53845,6390
3658,6391
6388,6392
69922,6393
67130,6394
45883,6395
37726,6396
24911,6397
18648,6398
44559,6399
44256,6400
62672,6401
17682,6402
7209,6403
7531,6404
85295,6405
48059,6406
58333,6407
5238,6408
10774,6409
45901,6410
23168,6411
71958,6412
31042,6413
44533,6414
14173,6415
10376,6416
7303,6417
23706,6418
23127,6419
50313,6420
4137,6421
64337,6422
51443,6423
51613,6424
20343,6425
84554,6426
59370,6427
8075,6428
56743,6429
43951,6430
85387,6431
37590,6432
76710,6433
38918,6434
85893,6435
80931,6436
67594,6437
67022,6438
66826,6439
65952,6440
43379,6441
77887,6442
32697,6443
71507,6444
61540,6445
82888,6446
81355,6447
51789,6448
87445,6449
28390,6450
50617,6451
36297,6452
67248,6453
45313,6454
17729,6455
7127,6456
39205,6457
67260,6458
8652,6459
492,6460
29824,6461
41301,6462
84027,6463
47594,6464
28976,6465
9298,6466
19834,6467
44783,6468
59255,6469
24124,6470
47341,6471
86311,6472
42461,6473
10200,6474
44694,6475
42565,6476
16996,6477
1712,6478
50738,6479
5047,6480
2617,6481
77357,6482
46353,6483
82649,6484
52517,6485
49258,6486
29907,6487
37498,6488
4286,6489
3858,6490
63061,6491
66574,6492
50501,6493
56163,6494
4871,6495
26387,6496
30963,6497
47495,6498
14636,6499
45447,6500
57731,6501
68472,6502
24649,6503
73380,6504
48876,6505
24455,6506
56509,6507
29787,6508
87294,6509
9115,6510
71043,6511
84407,6512
20223,6513
28117,6514
84149,6515
87277,6516
61289,6517
9711,6518
8765,6519
66142,6520
79841,6521
14443,6522
35798,6523
73455,6524
43705,6525
50756,6526
10947,6527
56000,6528
10029,6529
7067,6530
69754,6531
54887,6532
43451,6533
13201,6534
81115,6535
53311,6536
29225,6537
65120,6538
85174,6539
62424,6540
73877,6541
46707,6542
69400,6543
23079,6544
10101,6545
43291,6546
44618,6547
13930,6548
8795,6549
24528,6550
20202,6551
73412,6552
42064,6553
20625,6554
52534,6555
11831,6556
32921,6557
49175,6558
43881,6559
85147,6560
87395,6561
10625,6562
13680,6563
14422,6564
84263,6565
31338,6566
16086,6567
52228,6568
72810,6569
13655,6570
57890,6571
6440,6572
23057,6573
18787,6574
77691,6575
28342,6576
79573,6577
8828,6578
68449,6579
27642,6580
87718,6581
49090,6582
76164,6583
18041,6584
67823,6585
69867,6586
58839,6587
62638,6588
1004,6589
36740,6590
79387,6591
28290,6592
29937,6593
44375,6594
41232,6595
77806,6596
85089,6597
32529,6598
33771,6599
5547,6600
28284,6601
24362,6602
29904,6603
35952,6604
65984,6605
17695,6606
23599,6607
8405,6608
41692,6609
66282,6610
4055,6611
62113,6612
67736,6613
30143,6614
87617,6615
24083,6616
5468,6617
36561,6618
84820,6619
51749,6620
43150,6621
43872,6622
71279,6623
2320,6624
42185,6625
58013,6626
13297,6627
36390,6628
67934,6629
32346,6630
78081,6631
85584,6632
76688,6633
16820,6634
